{
"mat_rows": 3,
"mat_cols": 3,
"mat": [
1019.5508484104835,
0.0,
350.79967618881824,
0.0,
1026.7998379014518,
314.64017020683264,
0.0,
0.0,
1.0
],
"distortion_rows": 1,
"distortion_cols": 5,
"distortion": [
-0.11093428410623447,
-0.42116497481709597,
0.001746921535657092,
0.00041925745996571274,
2.315428574909548
]
}