{
"mat_rows": 3,
"mat_cols": 3,
"mat": [
5707.585579864591,
0.0,
292.85865790465044,
0.0,
5691.859974271749,
201.66736538519083,
0.0,
0.0,
1.0
],
"distortion_rows": 1,
"distortion_cols": 5,
"distortion": [
-15.358568739215361,
944.7603931222852,
-0.0037145160225243255,
-0.019550202433653446,
-3410.717164872805
]
}