{
"mat_rows": 3,
"mat_cols": 3,
"mat": [
956.1350274307937,
0.0,
284.7137533070277,
0.0,
953.7743511847771,
298.706357490205,
0.0,
0.0,
1.0
],
"distortion_rows": 1,
"distortion_cols": 5,
"distortion": [
-0.1884647604723719,
0.8746406566972694,
-0.0007092397232172289,
0.0011729238938167712,
-3.7733153697026602
]
}